<?xml version="1.0" encoding="UTF-8"?>
<GenRun Id="synth_1" LaunchPart="xc7a50tcpg236-1" LaunchTime="1616477221">
  <File Type="PA-TCL" Name="top_ch4_logicfunction.tcl"/>
  <File Type="RDS-PROPCONSTRS" Name="top_ch4_logicfunction_drc_synth.rpt"/>
  <File Type="REPORTS-TCL" Name="top_ch4_logicfunction_reports.tcl"/>
  <File Type="RDS-RDS" Name="top_ch4_logicfunction.vds"/>
  <File Type="RDS-UTIL" Name="top_ch4_logicfunction_utilization_synth.rpt"/>
  <File Type="RDS-UTIL-PB" Name="top_ch4_logicfunction_utilization_synth.pb"/>
  <File Type="RDS-DCP" Name="top_ch4_logicfunction.dcp"/>
  <File Type="VDS-TIMINGSUMMARY" Name="top_ch4_logicfunction_timing_summary_synth.rpt"/>
  <File Type="VDS-TIMING-PB" Name="top_ch4_logicfunction_timing_summary_synth.pb"/>
  <FileSet Name="sources" Type="DesignSrcs" RelSrcDir="$PSRCDIR/sources_1">
    <Filter Type="Srcs"/>
    <File Path="$PSRCDIR/sources_1/new/logicFunction.vhd">
      <FileInfo>
        <Attr Name="UsedIn" Val="synthesis"/>
        <Attr Name="UsedIn" Val="simulation"/>
      </FileInfo>
    </File>
    <File Path="$PSRCDIR/sources_1/new/top_ch4_logicfunction.vhd">
      <FileInfo>
        <Attr Name="UsedIn" Val="synthesis"/>
        <Attr Name="UsedIn" Val="simulation"/>
      </FileInfo>
    </File>
    <File Path="$PSRCDIR/sources_1/new/top_ch4_logicFunction.v">
      <FileInfo>
        <Attr Name="AutoDisabled" Val="1"/>
        <Attr Name="UsedIn" Val="synthesis"/>
        <Attr Name="UsedIn" Val="implementation"/>
        <Attr Name="UsedIn" Val="simulation"/>
      </FileInfo>
    </File>
    <Config>
      <Option Name="DesignMode" Val="RTL"/>
      <Option Name="TopModule" Val="top_ch4_logicfunction"/>
      <Option Name="TopAutoSet" Val="TRUE"/>
    </Config>
  </FileSet>
  <FileSet Name="constrs_in" Type="Constrs" RelSrcDir="$PSRCDIR/constrs_1">
    <Filter Type="Constrs"/>
    <File Path="$PSRCDIR/constrs_1/imports/digilent-xdc-master/Basys-3-Master.xdc">
      <FileInfo>
        <Attr Name="ImportPath" Val="$PPRDIR/../digilent-xdc-master/Basys-3-Master.xdc"/>
        <Attr Name="ImportTime" Val="1616364731"/>
        <Attr Name="UsedIn" Val="synthesis"/>
        <Attr Name="UsedIn" Val="implementation"/>
      </FileInfo>
    </File>
    <Config>
      <Option Name="ConstrsType" Val="XDC"/>
    </Config>
  </FileSet>
  <Strategy Version="1" Minor="2">
    <StratHandle Name="Vivado Synthesis Defaults" Flow="Vivado Synthesis 2017">
      <Desc>Vivado Synthesis Defaults</Desc>
    </StratHandle>
    <Step Id="synth_design"/>
  </Strategy>
</GenRun>
